Combo ID,Sequence
Combo 1,Body Shot - Cross - Step Right - Slip - Roll
Combo 2,Cross - Step Left - Jab - Duck - Pivot - Lead Uppercut
Combo 3,Body Shot - Cross - Step Right - Duck
Combo 4,Roll - Body Shot - Slip - Hook - Step Left
Combo 5,Roll - Body Cross
Combo 6,Roll - Lead Uppercut - Step Right
Combo 7,Body Cross - Jab
Combo 8,Body Cross - Slip - Cross - Duck - Hook
Combo 9,Cross - Step Left - Pivot - Roll - Duck
Combo 10,Body Cross - Jab - Lead Uppercut - Step Right - Pivot - Duck
Combo 11,Slip - Duck - Body Shot
Combo 12,Roll - Jab
Combo 13,Slip - Pivot - Body Shot - Step Left - Jab
Combo 14,Step Right - Body Cross - Step Left - Slip
Combo 15,Duck - Step Right - Uppercut - Pivot - Step Left
Combo 16,Duck - Body Cross
Combo 17,Lead Uppercut - Roll - Hook
Combo 18,Body Shot - Jab - Lead Uppercut
Combo 19,Uppercut - Roll - Cross - Pivot - Jab - Slip
Combo 20,Step Right - Roll - Body Cross - Uppercut
Combo 21,Roll - Hook - Step Left - Uppercut - Body Cross
Combo 22,Body Cross - Hook
Combo 23,Duck - Cross - Slip - Step Left - Body Cross
Combo 24,Roll - Jab - Body Shot - Cross
Combo 25,Cross - Body Shot
Combo 26,Body Shot - Duck - Hook - Pivot - Body Cross
Combo 27,Uppercut - Step Left
Combo 28,Roll - Body Shot - Slip - Hook - Body Cross - Step Right
Combo 29,Lead Uppercut - Jab - Pivot - Body Shot - Duck - Slip
Combo 30,Slip - Uppercut - Roll - Step Left
Combo 31,Hook - Uppercut - Cross - Body Cross
Combo 32,Pivot - Duck - Step Left - Cross - Uppercut
Combo 33,Body Cross - Step Right - Lead Uppercut - Slip - Hook
Combo 34,Step Right - Uppercut - Body Shot - Body Cross
Combo 35,Cross - Step Right
Combo 36,Cross - Step Right - Duck - Jab
Combo 37,Step Right - Lead Uppercut
Combo 38,Hook - Step Right
Combo 39,Cross - Step Left - Jab
Combo 40,Uppercut - Step Right - Jab
Combo 41,Duck - Step Left - Cross - Body Cross - Roll - Jab
Combo 42,Pivot - Step Left - Cross
Combo 43,Step Left - Lead Uppercut - Cross
Combo 44,Step Left - Lead Uppercut - Duck - Uppercut - Jab
Combo 45,Body Cross - Uppercut - Step Right - Cross - Roll - Hook
Combo 46,Cross - Step Left - Jab - Roll - Pivot - Lead Uppercut
Combo 47,Body Cross - Uppercut - Hook
Combo 48,Lead Uppercut - Step Left - Body Cross - Slip - Pivot
Combo 49,Body Shot - Uppercut - Slip - Hook - Step Left
Combo 50,Step Left - Jab - Body Cross - Duck - Roll
Combo 51,Body Cross - Uppercut - Slip - Step Left
Combo 52,Lead Uppercut - Step Left
Combo 53,Lead Uppercut - Duck - Roll - Body Shot
Combo 54,Body Cross - Pivot - Slip
Combo 55,Body Shot - Jab - Body Cross - Hook
Combo 56,Duck - Lead Uppercut
Combo 57,Step Left - Uppercut - Hook - Body Shot - Body Cross - Step Right
Combo 58,Body Shot - Cross - Roll - Step Right
Combo 59,Jab - Duck
Combo 60,Hook - Roll - Slip - Cross - Jab
Combo 61,Cross - Duck - Body Shot - Roll - Step Right
Combo 62,Cross - Pivot - Body Cross - Jab
Combo 63,Lead Uppercut - Uppercut - Step Left - Jab - Body Shot - Body Cross
Combo 64,Slip - Lead Uppercut
Combo 65,Slip - Roll
Combo 66,Jab - Lead Uppercut - Step Right - Pivot - Hook
Combo 67,Uppercut - Step Left - Pivot - Hook
Combo 68,Lead Uppercut - Duck - Cross
Combo 69,Step Left - Uppercut - Jab - Cross - Step Right
Combo 70,Body Cross - Hook - Pivot - Body Shot - Jab - Step Right
Combo 71,Roll - Body Cross - Body Shot - Lead Uppercut - Pivot - Step Right
Combo 72,Cross - Roll - Hook - Lead Uppercut
Combo 73,Hook - Roll - Jab - Slip - Body Cross - Step Right
Combo 74,Body Cross - Step Right - Cross - Step Left - Jab
Combo 75,Body Cross - Cross - Duck - Uppercut
Combo 76,Uppercut - Lead Uppercut
Combo 77,Body Shot - Uppercut - Body Cross - Step Right - Pivot
Combo 78,Body Shot - Slip - Step Left - Uppercut
Combo 79,Roll - Step Left - Slip - Cross
Combo 80,Body Cross - Step Right - Hook
Combo 81,Cross - Jab - Step Right - Hook - Lead Uppercut
Combo 82,Body Shot - Pivot - Roll
Combo 83,Step Left - Roll - Pivot - Cross
Combo 84,Slip - Duck - Body Shot - Roll - Step Right - Body Cross
Combo 85,Step Right - Roll - Uppercut - Cross - Body Shot
Combo 86,Jab - Cross
Combo 87,Slip - Lead Uppercut - Body Shot - Duck
Combo 88,Cross - Hook - Pivot - Step Left
Combo 89,Cross - Pivot - Lead Uppercut - Duck
Combo 90,Lead Uppercut - Step Right - Body Shot - Hook - Uppercut - Jab
Combo 91,Body Shot - Slip - Uppercut - Step Right - Cross - Roll
Combo 92,Roll - Cross - Body Shot - Step Right - Jab - Duck
Combo 93,Cross - Uppercut
Combo 94,Duck - Body Cross - Pivot - Hook
Combo 95,Body Cross - Uppercut - Duck - Cross
Combo 96,Step Left - Pivot - Lead Uppercut - Body Cross - Uppercut
Combo 97,Step Right - Duck - Roll - Hook - Cross
Combo 98,Pivot - Cross - Hook - Step Right
Combo 99,Hook - Slip - Step Right - Pivot
Combo 100,Body Cross - Uppercut - Step Left - Duck - Jab
Combo 101,Hook - Uppercut - Step Left - Slip - Pivot - Step Right
Combo 102,Body Cross - Step Right - Pivot - Roll - Step Left
Combo 103,Body Shot - Step Right - Jab - Slip - Pivot
Combo 104,Slip - Cross
Combo 105,Uppercut - Duck - Body Shot - Lead Uppercut
Combo 106,Uppercut - Body Shot - Roll - Pivot - Jab - Cross
Combo 107,Cross - Jab - Pivot
Combo 108,Roll - Step Left - Duck - Body Cross - Lead Uppercut
Combo 109,Jab - Step Right - Hook - Pivot - Uppercut
Combo 110,Roll - Body Shot
Combo 111,Step Right - Body Shot - Uppercut
Combo 112,Pivot - Step Left - Body Cross - Step Right
Combo 113,Cross - Uppercut - Lead Uppercut - Roll - Hook - Step Right
Combo 114,Pivot - Body Shot - Cross - Hook - Lead Uppercut
Combo 115,Step Left - Roll - Uppercut - Cross
Combo 116,Hook - Slip - Uppercut - Roll - Step Right - Lead Uppercut
Combo 117,Lead Uppercut - Step Right - Duck - Uppercut - Pivot
Combo 118,Pivot - Body Cross
Combo 119,Body Cross - Duck
Combo 120,Hook - Body Cross - Pivot
Combo 121,Body Cross - Hook - Step Right - Roll
Combo 122,Roll - Cross
Combo 123,Body Shot - Lead Uppercut - Step Left - Slip - Step Right - Duck
Combo 124,Cross - Pivot - Duck
Combo 125,Step Right - Uppercut - Step Left - Body Cross - Roll
Combo 126,Step Right - Step Left - Pivot - Slip - Cross
Combo 127,Slip - Body Shot
Combo 128,Jab - Cross - Step Right - Duck - Lead Uppercut
Combo 129,Jab - Pivot
Combo 130,Body Cross - Lead Uppercut - Slip - Step Left - Uppercut
Combo 131,Duck - Slip
Combo 132,Roll - Body Cross - Step Right - Jab
Combo 133,Slip - Body Shot - Cross
Combo 134,Step Right - Pivot - Uppercut - Lead Uppercut - Body Shot - Duck
Combo 135,Step Right - Step Left - Body Shot
Combo 136,Uppercut - Lead Uppercut - Step Left - Jab
Combo 137,Duck - Step Left - Uppercut - Hook - Jab - Roll
Combo 138,Step Right - Slip
Combo 139,Duck - Lead Uppercut - Body Cross - Roll
Combo 140,Duck - Jab - Body Cross - Roll - Lead Uppercut
Combo 141,Step Right - Body Cross - Body Shot - Slip - Roll - Duck
Combo 142,Step Right - Hook - Lead Uppercut - Duck - Roll
Combo 143,Body Shot - Lead Uppercut - Duck - Hook
Combo 144,Hook - Duck - Uppercut
Combo 145,Duck - Cross - Uppercut - Step Left - Pivot - Jab
Combo 146,Step Left - Slip - Hook - Duck
Combo 147,Cross - Pivot - Body Cross - Uppercut - Body Shot - Step Left
Combo 148,Slip - Duck - Body Cross
Combo 149,Body Shot - Roll - Step Left - Pivot - Cross
Combo 150,Uppercut - Step Right - Hook
Combo 151,Step Left - Slip - Step Right - Lead Uppercut
Combo 152,Cross - Body Cross - Duck - Step Right - Hook
Combo 153,Lead Uppercut - Slip - Duck - Jab - Hook - Cross
Combo 154,Step Left - Hook - Pivot - Body Shot - Jab
Combo 155,Duck - Body Cross - Roll - Step Right
Combo 156,Hook - Pivot
Combo 157,Jab - Pivot - Body Shot - Lead Uppercut - Slip - Step Right
Combo 158,Slip - Pivot - Step Left
Combo 159,Body Cross - Jab - Hook - Roll - Duck - Pivot
Combo 160,Jab - Step Right - Body Shot
Combo 161,Roll - Duck - Hook - Uppercut - Body Cross - Cross
Combo 162,Roll - Duck - Body Cross - Hook - Lead Uppercut
Combo 163,Cross - Step Right - Jab - Duck - Lead Uppercut - Pivot
Combo 164,Slip - Lead Uppercut - Uppercut - Step Left - Body Cross
Combo 165,Roll - Body Cross - Step Left
Combo 166,Cross - Duck - Pivot - Hook - Lead Uppercut - Step Left
Combo 167,Body Cross - Slip - Hook
Combo 168,Step Left - Cross - Hook
Combo 169,Jab - Roll
Combo 170,Pivot - Step Left
Combo 171,Slip - Duck
Combo 172,Body Cross - Hook - Roll - Jab
Combo 173,Pivot - Jab - Body Shot - Duck
Combo 174,Body Shot - Uppercut
Combo 175,Uppercut - Jab
Combo 176,Body Cross - Pivot - Uppercut - Cross - Roll - Step Left
Combo 177,Duck - Uppercut
Combo 178,Uppercut - Jab - Cross
Combo 179,Step Right - Uppercut - Lead Uppercut - Pivot
Combo 180,Duck - Step Left - Jab - Pivot - Step Right - Lead Uppercut
Combo 181,Slip - Cross - Step Left
Combo 182,Duck - Step Right - Cross - Uppercut
Combo 183,Duck - Cross - Step Left - Pivot - Uppercut
Combo 184,Hook - Body Cross - Step Left
Combo 185,Step Right - Cross - Lead Uppercut - Duck - Step Left - Uppercut
Combo 186,Lead Uppercut - Body Cross - Hook - Duck
Combo 187,Step Right - Uppercut - Pivot
Combo 188,Duck - Body Shot
Combo 189,Uppercut - Hook
Combo 190,Step Right - Body Shot - Cross - Step Left - Body Cross - Duck
Combo 191,Slip - Step Left - Jab - Uppercut - Body Cross - Hook
Combo 192,Duck - Body Cross - Uppercut
Combo 193,Pivot - Duck - Uppercut - Body Shot - Jab - Step Right
Combo 194,Pivot - Lead Uppercut
Combo 195,Duck - Hook - Cross
Combo 196,Uppercut - Jab - Pivot
Combo 197,Hook - Cross
Combo 198,Body Cross - Step Right - Roll
Combo 199,Uppercut - Duck - Step Right
Combo 200,Hook - Body Shot - Uppercut - Roll
Combo 201,Hook - Step Right - Slip - Roll - Step Left - Body Shot
Combo 202,Roll - Pivot - Slip - Body Shot
Combo 203,Roll - Jab - Hook - Body Shot
Combo 204,Hook - Body Shot - Duck - Step Left
Combo 205,Roll - Step Right - Jab - Hook - Pivot - Body Cross
Combo 206,Step Left - Hook - Duck - Jab - Step Right - Body Shot
Combo 207,Pivot - Body Shot - Body Cross - Step Right - Slip - Uppercut
Combo 208,Body Shot - Uppercut - Step Left - Duck
Combo 209,Body Shot - Jab - Step Left - Uppercut
Combo 210,Step Left - Cross - Hook - Jab - Duck
Combo 211,Step Right - Roll - Body Shot - Pivot
Combo 212,Lead Uppercut - Body Shot - Uppercut - Step Left - Hook
Combo 213,Jab - Roll - Cross - Hook - Lead Uppercut
Combo 214,Duck - Pivot
Combo 215,Uppercut - Jab - Cross - Body Cross - Lead Uppercut
Combo 216,Lead Uppercut - Duck - Pivot
Combo 217,Lead Uppercut - Duck
Combo 218,Body Shot - Hook - Step Left
Combo 219,Uppercut - Body Shot - Body Cross - Step Right - Roll
Combo 220,Hook - Body Shot - Step Right - Pivot - Lead Uppercut - Roll
Combo 221,Body Cross - Lead Uppercut - Uppercut
Combo 222,Slip - Step Left - Body Cross - Duck - Hook
Combo 223,Slip - Step Left
Combo 224,Step Left - Body Cross
Combo 225,Step Right - Uppercut - Body Cross
Combo 226,Body Cross - Pivot - Roll
Combo 227,Jab - Cross - Slip - Body Shot - Step Left
Combo 228,Body Cross - Hook - Cross - Jab
Combo 229,Pivot - Duck - Roll - Uppercut - Body Shot - Hook
Combo 230,Body Shot - Hook - Duck - Body Cross - Uppercut
Combo 231,Lead Uppercut - Slip
Combo 232,Jab - Step Left - Duck - Hook - Pivot - Uppercut
Combo 233,Pivot - Cross - Lead Uppercut - Body Shot
Combo 234,Body Shot - Step Right
Combo 235,Pivot - Duck - Step Right - Body Cross - Lead Uppercut
Combo 236,Slip - Duck - Step Left - Jab - Body Cross - Lead Uppercut
Combo 237,Pivot - Cross - Lead Uppercut - Duck - Roll
Combo 238,Jab - Slip - Body Shot
Combo 239,Step Left - Body Cross - Uppercut - Duck - Hook - Body Shot
Combo 240,Body Cross - Slip - Uppercut - Lead Uppercut - Duck - Step Left
Combo 241,Lead Uppercut - Cross
Combo 242,Body Shot - Lead Uppercut - Body Cross
Combo 243,Slip - Duck - Hook
Combo 244,Roll - Uppercut - Body Cross - Step Right - Jab
Combo 245,Duck - Step Right - Jab - Hook - Lead Uppercut - Step Left
Combo 246,Uppercut - Roll - Jab - Cross
Combo 247,Duck - Jab - Body Cross - Hook - Roll
Combo 248,Lead Uppercut - Step Right
Combo 249,Hook - Roll - Step Right - Pivot - Body Cross
Combo 250,Hook - Roll - Jab
Combo 251,Slip - Hook - Roll - Duck
Combo 252,Body Shot - Step Right - Step Left - Hook
Combo 253,Uppercut - Cross - Roll
Combo 254,Slip - Lead Uppercut - Jab - Body Shot - Uppercut
Combo 255,Roll - Lead Uppercut
Combo 256,Lead Uppercut - Duck - Jab - Roll - Body Cross - Step Right
Combo 257,Jab - Lead Uppercut - Step Left - Duck - Hook
Combo 258,Step Left - Roll - Body Shot
Combo 259,Uppercut - Pivot - Duck - Body Shot - Hook - Lead Uppercut
Combo 260,Body Shot - Pivot - Hook
Combo 261,Slip - Lead Uppercut - Uppercut
Combo 262,Body Shot - Duck - Jab - Uppercut - Slip
Combo 263,Lead Uppercut - Uppercut - Step Left
Combo 264,Duck - Step Right - Pivot
Combo 265,Duck - Hook - Slip - Roll
Combo 266,Duck - Uppercut - Body Cross - Roll
Combo 267,Duck - Body Cross - Slip - Body Shot - Step Right
Combo 268,Uppercut - Hook - Body Shot - Jab
Combo 269,Body Cross - Step Right - Duck - Uppercut
Combo 270,Jab - Cross - Hook - Uppercut
Combo 271,Step Right - Step Left - Body Cross
Combo 272,Roll - Step Right - Lead Uppercut - Hook
Combo 273,Cross - Uppercut - Step Left - Jab
Combo 274,Slip - Pivot - Step Right - Hook
Combo 275,Hook - Duck - Step Left - Body Shot
Combo 276,Lead Uppercut - Pivot
Combo 277,Jab - Roll - Uppercut - Body Cross - Step Right
Combo 278,Slip - Cross - Jab - Roll - Body Shot
Combo 279,Body Shot - Uppercut - Jab
Combo 280,Hook - Cross - Body Shot - Body Cross - Jab
Combo 281,Step Left - Cross - Step Right - Slip - Hook
Combo 282,Uppercut - Step Left - Roll - Duck - Body Cross - Hook
Combo 283,Roll - Body Cross - Step Left - Pivot
Combo 284,Uppercut - Body Shot - Body Cross - Roll - Lead Uppercut
Combo 285,Uppercut - Step Right
Combo 286,Hook - Jab - Duck
Combo 287,Step Left - Slip - Hook - Step Right - Cross
Combo 288,Hook - Cross - Step Right - Body Shot - Slip
Combo 289,Pivot - Slip - Step Right - Jab - Step Left - Duck
Combo 290,Body Cross - Cross - Hook - Uppercut
Combo 291,Step Right - Pivot - Cross - Jab - Roll
Combo 292,Hook - Body Shot - Step Left - Body Cross - Cross
Combo 293,Body Cross - Step Left
Combo 294,Roll - Uppercut - Body Shot - Body Cross - Jab
Combo 295,Pivot - Jab - Step Left - Duck - Body Cross - Roll
Combo 296,Body Cross - Step Right - Jab - Uppercut - Pivot
Combo 297,Hook - Lead Uppercut - Step Left - Slip - Body Cross - Cross
Combo 298,Body Cross - Roll - Uppercut - Pivot
Combo 299,Lead Uppercut - Roll
Combo 300,Slip - Jab - Cross - Step Right - Body Cross - Roll
